{
  "name": "FSIGE",
  "params": {
    "kde_window": 80,
    "entropy_horizon": 8,
    "tension_th": 0.35
  },
  "risk": {
    "sl": 30,
    "tp": 45,
    "cd": 40
  },
  "conf": 0.45,
  "wf": {
    "n": 26,
    "wr": 53.84615384615385,
    "edge": 13.846153846153847
  },
  "oos": {
    "n": 5,
    "wr": 60.0,
    "edge": 20.0,
    "pf": 2.0684292379470883
  },
  "mc": 0.7333333333333334,
  "approved": true
}