{
  "name": "HJBNES",
  "params": {
    "horizon": 15,
    "discount": 0.9,
    "risk_aversion": 1.0
  },
  "risk": {
    "sl": 30,
    "tp": 45,
    "cd": 40
  },
  "conf": 0.4,
  "wf": {
    "n": 90,
    "wr": 45.55555555555556,
    "edge": 5.555555555555557
  },
  "oos": {
    "n": 43,
    "wr": 41.86046511627907,
    "edge": 1.860465116279073,
    "pf": 1.0211585601857758
  },
  "mc": 0.7,
  "approved": true
}